volume,file,url,center_lon_w,hemisphere,geo_unit,terrain,group,n_bands,wave_min_um,wave_max_um,coverage_0p7_2p0,coverage_0p7_5p2,incidence_angle,emission_angle,phase_angle,label_error
go_1104,g1e001ti.qub,https://planetarydata.jpl.nasa.gov/img/data/go-e-nims-4-mosaic-v1.0/go_1104/europa/g1e001ti.qub,213.625,trailing,pr,plains,trailing_plains,10,0.8403,5.2101,False,False,62.04,18.34,47.02,
go_1104,g1e001tr.qub,https://planetarydata.jpl.nasa.gov/img/data/go-e-nims-4-mosaic-v1.0/go_1104/europa/g1e001tr.qub,213.625,trailing,pr,plains,trailing_plains,10,0.8403,5.2101,False,False,62.04,18.34,47.02,
go_1104,g1e002ci.qub,https://planetarydata.jpl.nasa.gov/img/data/go-e-nims-4-mosaic-v1.0/go_1104/europa/g1e002ci.qub,217.365,trailing,pr,plains,trailing_plains,17,0.7035,4.933,False,False,35.62,2.58,37.54,
go_1104,g1e002cr.qub,https://planetarydata.jpl.nasa.gov/img/data/go-e-nims-4-mosaic-v1.0/go_1104/europa/g1e002cr.qub,217.365,trailing,pr,plains,trailing_plains,17,0.7035,4.933,False,False,35.62,2.58,37.54,
go_1104,g1e002ti.qub,https://planetarydata.jpl.nasa.gov/img/data/go-e-nims-4-mosaic-v1.0/go_1104/europa/g1e002ti.qub,217.365,trailing,pr,plains,trailing_plains,17,0.7035,4.933,False,False,20.16,24.83,37.73,
go_1104,g1e002tr.qub,https://planetarydata.jpl.nasa.gov/img/data/go-e-nims-4-mosaic-v1.0/go_1104/europa/g1e002tr.qub,217.365,trailing,pr,plains,trailing_plains,17,0.7035,4.933,False,False,20.16,24.83,37.73,
go_1104,g1e003ci.qub,https://planetarydata.jpl.nasa.gov/img/data/go-e-nims-4-mosaic-v1.0/go_1104/europa/g1e003ci.qub,219.4,trailing,pr,plains,trailing_plains,228,0.7101,5.2365,False,False,36.86,36.25,30.88,
go_1104,g1e003cr.qub,https://planetarydata.jpl.nasa.gov/img/data/go-e-nims-4-mosaic-v1.0/go_1104/europa/g1e003cr.qub,219.4,trailing,pr,plains,trailing_plains,228,0.7101,5.2365,False,False,36.86,36.25,30.88,
go_1104,g1e003ti.qub,https://planetarydata.jpl.nasa.gov/img/data/go-e-nims-4-mosaic-v1.0/go_1104/europa/g1e003ti.qub,219.4,trailing,pr,plains,trailing_plains,228,0.7101,5.2365,False,False,39.44,39.71,30.88,
go_1104,g1e003tr.qub,https://planetarydata.jpl.nasa.gov/img/data/go-e-nims-4-mosaic-v1.0/go_1104/europa/g1e003tr.qub,219.4,trailing,pr,plains,trailing_plains,228,0.7101,5.2365,False,False,39.44,39.71,30.88,
go_1104,g1e004ci.qub,https://planetarydata.jpl.nasa.gov/img/data/go-e-nims-4-mosaic-v1.0/go_1104/europa/g1e004ci.qub,219.25,trailing,pr,plains,trailing_plains,228,0.7101,5.2365,False,False,22.93,9.93,31.55,
go_1104,g1e004cr.qub,https://planetarydata.jpl.nasa.gov/img/data/go-e-nims-4-mosaic-v1.0/go_1104/europa/g1e004cr.qub,219.25,trailing,pr,plains,trailing_plains,228,0.7101,5.2365,False,False,22.93,9.93,31.55,
go_1104,g1e004ti.qub,https://planetarydata.jpl.nasa.gov/img/data/go-e-nims-4-mosaic-v1.0/go_1104/europa/g1e004ti.qub,219.25,trailing,pr,plains,trailing_plains,228,0.7101,5.2365,False,False,16.8,20.98,31.58,
go_1104,g1e004tr.qub,https://planetarydata.jpl.nasa.gov/img/data/go-e-nims-4-mosaic-v1.0/go_1104/europa/g1e004tr.qub,219.25,trailing,pr,plains,trailing_plains,228,0.7101,5.2365,False,False,16.8,20.98,31.58,
go_1104,g1e501ci.qub,https://planetarydata.jpl.nasa.gov/img/data/go-e-nims-4-mosaic-v1.0/go_1104/europa/g1e501ci.qub,219.32,trailing,pr,plains,trailing_plains,228,0.7101,5.2365,False,False,19.84,15.91,31.24,
go_1104,g1e501cr.qub,https://planetarydata.jpl.nasa.gov/img/data/go-e-nims-4-mosaic-v1.0/go_1104/europa/g1e501cr.qub,219.32,trailing,pr,plains,trailing_plains,228,0.7101,5.2365,False,False,19.84,15.91,31.24,
go_1105,g2e001ti.qub,https://planetarydata.jpl.nasa.gov/img/data/go-e-nims-4-mosaic-v1.0/go_1105/europa/g2e001ti.qub,290.775,trailing,chl,chaos,trailing_chaos,408,0.7035,5.2365,False,False,19.35,28.47,13.92,
go_1105,g2e001tr.qub,https://planetarydata.jpl.nasa.gov/img/data/go-e-nims-4-mosaic-v1.0/go_1105/europa/g2e001tr.qub,290.775,trailing,chl,chaos,trailing_chaos,408,0.7035,5.2365,False,False,19.35,28.47,13.92,
go_1105,g2e002ci.qub,https://planetarydata.jpl.nasa.gov/img/data/go-e-nims-4-mosaic-v1.0/go_1105/europa/g2e002ci.qub,291.04999999999995,trailing,chl,chaos,trailing_chaos,204,0.7101,5.2365,False,False,16.31,13.88,12.12,
go_1105,g2e002cr.qub,https://planetarydata.jpl.nasa.gov/img/data/go-e-nims-4-mosaic-v1.0/go_1105/europa/g2e002cr.qub,291.04999999999995,trailing,chl,chaos,trailing_chaos,204,0.7101,5.2365,False,False,16.31,13.88,12.12,
go_1105,g2e002ti.qub,https://planetarydata.jpl.nasa.gov/img/data/go-e-nims-4-mosaic-v1.0/go_1105/europa/g2e002ti.qub,291.04999999999995,trailing,chl,chaos,trailing_chaos,204,0.7101,5.2365,False,False,5.29,17.17,12.13,
go_1105,g2e002tr.qub,https://planetarydata.jpl.nasa.gov/img/data/go-e-nims-4-mosaic-v1.0/go_1105/europa/g2e002tr.qub,291.04999999999995,trailing,chl,chaos,trailing_chaos,204,0.7101,5.2365,False,False,5.29,17.17,12.13,
go_1106,c3e001ci.qub,https://planetarydata.jpl.nasa.gov/img/data/go-e-nims-4-mosaic-v1.0/go_1106/europa/c3e001ci.qub,190.27499999999998,trailing,pr,plains,trailing_plains,102,0.7035,5.1969,False,False,64.99,32.8,87.06,
go_1106,c3e001cr.qub,https://planetarydata.jpl.nasa.gov/img/data/go-e-nims-4-mosaic-v1.0/go_1106/europa/c3e001cr.qub,190.27499999999998,trailing,pr,plains,trailing_plains,102,0.7035,5.1969,False,False,64.99,32.8,87.06,
go_1106,c3e001ti.qub,https://planetarydata.jpl.nasa.gov/img/data/go-e-nims-4-mosaic-v1.0/go_1106/europa/c3e001ti.qub,190.27499999999998,trailing,pr,plains,trailing_plains,102,0.7035,5.1969,False,False,75.23,15.09,85.86,
go_1106,c3e001tr.qub,https://planetarydata.jpl.nasa.gov/img/data/go-e-nims-4-mosaic-v1.0/go_1106/europa/c3e001tr.qub,190.27499999999998,trailing,pr,plains,trailing_plains,102,0.7035,5.1969,False,False,75.23,15.09,85.86,
go_1106,c3e003ti.qub,https://planetarydata.jpl.nasa.gov/img/data/go-e-nims-4-mosaic-v1.0/go_1106/europa/c3e003ti.qub,278.635,trailing,chl,chaos,trailing_chaos,408,0.7035,5.2365,False,False,40.59,8.49,49.06,
go_1106,c3e003tr.qub,https://planetarydata.jpl.nasa.gov/img/data/go-e-nims-4-mosaic-v1.0/go_1106/europa/c3e003tr.qub,278.635,trailing,chl,chaos,trailing_chaos,408,0.7035,5.2365,False,False,40.59,8.49,49.06,
go_1106,c3e004ci.qub,https://planetarydata.jpl.nasa.gov/img/data/go-e-nims-4-mosaic-v1.0/go_1106/europa/c3e004ci.qub,233.445,trailing,chl,chaos,trailing_chaos,204,0.7101,5.2365,False,False,32.78,6.38,34.16,
go_1106,c3e004cr.qub,https://planetarydata.jpl.nasa.gov/img/data/go-e-nims-4-mosaic-v1.0/go_1106/europa/c3e004cr.qub,233.445,trailing,chl,chaos,trailing_chaos,204,0.7101,5.2365,False,False,32.78,6.38,34.16,
go_1106,c3e004ti.qub,https://planetarydata.jpl.nasa.gov/img/data/go-e-nims-4-mosaic-v1.0/go_1106/europa/c3e004ti.qub,233.445,trailing,chl,chaos,trailing_chaos,204,0.7101,5.2365,False,False,32.54,7.21,34.08,
go_1106,c3e004tr.qub,https://planetarydata.jpl.nasa.gov/img/data/go-e-nims-4-mosaic-v1.0/go_1106/europa/c3e004tr.qub,233.445,trailing,chl,chaos,trailing_chaos,204,0.7101,5.2365,False,False,32.54,7.21,34.08,
go_1107,e4e001ci.qub,https://planetarydata.jpl.nasa.gov/img/data/go-e-nims-4-mosaic-v1.0/go_1107/europa/e4e001ci.qub,309.76,trailing,chm,chaos,trailing_chaos,192,0.7101,5.2365,False,False,74.47,55.77,60.88,
go_1107,e4e001cr.qub,https://planetarydata.jpl.nasa.gov/img/data/go-e-nims-4-mosaic-v1.0/go_1107/europa/e4e001cr.qub,309.76,trailing,chm,chaos,trailing_chaos,192,0.7101,5.2365,False,False,74.47,55.77,60.88,
go_1107,e4e001ti.qub,https://planetarydata.jpl.nasa.gov/img/data/go-e-nims-4-mosaic-v1.0/go_1107/europa/e4e001ti.qub,309.76,trailing,chm,chaos,trailing_chaos,192,0.7101,5.2365,False,False,81.03,60.78,60.07,
go_1107,e4e001tr.qub,https://planetarydata.jpl.nasa.gov/img/data/go-e-nims-4-mosaic-v1.0/go_1107/europa/e4e001tr.qub,309.76,trailing,chm,chaos,trailing_chaos,192,0.7101,5.2365,False,False,81.03,60.78,60.07,
go_1107,e4e002ci.qub,https://planetarydata.jpl.nasa.gov/img/data/go-e-nims-4-mosaic-v1.0/go_1107/europa/e4e002ci.qub,303.045,trailing,chm,chaos,trailing_chaos,192,0.7101,5.2365,False,False,59.52,32.62,57.42,
go_1107,e4e002cr.qub,https://planetarydata.jpl.nasa.gov/img/data/go-e-nims-4-mosaic-v1.0/go_1107/europa/e4e002cr.qub,303.045,trailing,chm,chaos,trailing_chaos,192,0.7101,5.2365,False,False,59.52,32.62,57.42,
go_1107,e4e002ti.qub,https://planetarydata.jpl.nasa.gov/img/data/go-e-nims-4-mosaic-v1.0/go_1107/europa/e4e002ti.qub,303.045,trailing,chm,chaos,trailing_chaos,192,0.7101,5.2365,False,False,56.06,40.83,57.65,
go_1107,e4e002tr.qub,https://planetarydata.jpl.nasa.gov/img/data/go-e-nims-4-mosaic-v1.0/go_1107/europa/e4e002tr.qub,303.045,trailing,chm,chaos,trailing_chaos,192,0.7101,5.2365,False,False,56.06,40.83,57.65,
go_1107,e4e003ci.qub,https://planetarydata.jpl.nasa.gov/img/data/go-e-nims-4-mosaic-v1.0/go_1107/europa/e4e003ci.qub,323.815,trailing,chl,chaos,trailing_chaos,384,0.7035,5.2365,False,False,75.5,66.41,72.29,
go_1107,e4e003cr.qub,https://planetarydata.jpl.nasa.gov/img/data/go-e-nims-4-mosaic-v1.0/go_1107/europa/e4e003cr.qub,323.815,trailing,chl,chaos,trailing_chaos,384,0.7035,5.2365,False,False,75.5,66.41,72.29,
go_1107,e4e003ti.qub,https://planetarydata.jpl.nasa.gov/img/data/go-e-nims-4-mosaic-v1.0/go_1107/europa/e4e003ti.qub,323.815,trailing,chl,chaos,trailing_chaos,384,0.7035,5.2365,False,False,75.22,65.64,72.38,
go_1107,e4e003tr.qub,https://planetarydata.jpl.nasa.gov/img/data/go-e-nims-4-mosaic-v1.0/go_1107/europa/e4e003tr.qub,323.815,trailing,chl,chaos,trailing_chaos,384,0.7035,5.2365,False,False,75.22,65.64,72.38,
go_1108,e6e001ti.qub,https://planetarydata.jpl.nasa.gov/img/data/go-e-nims-4-mosaic-v1.0/go_1108/europa/e6e001ti.qub,250.19,trailing,chl,chaos,trailing_chaos,384,0.7016,5.2326,False,False,75.55,32.78,49.61,
go_1108,e6e001tr.qub,https://planetarydata.jpl.nasa.gov/img/data/go-e-nims-4-mosaic-v1.0/go_1108/europa/e6e001tr.qub,250.19,trailing,chl,chaos,trailing_chaos,384,0.7016,5.2326,False,False,75.55,32.78,49.61,
go_1108,e6e002ci.qub,https://planetarydata.jpl.nasa.gov/img/data/go-e-nims-4-mosaic-v1.0/go_1108/europa/e6e002ci.qub,141.85000000000002,leading,chm,chaos,leading_chaos,96,0.7081,5.2062,False,False,6.97,33.83,31.96,
go_1108,e6e002cr.qub,https://planetarydata.jpl.nasa.gov/img/data/go-e-nims-4-mosaic-v1.0/go_1108/europa/e6e002cr.qub,141.85000000000002,leading,chm,chaos,leading_chaos,96,0.7081,5.2062,False,False,6.97,33.83,31.96,
go_1108,e6e002ti.qub,https://planetarydata.jpl.nasa.gov/img/data/go-e-nims-4-mosaic-v1.0/go_1108/europa/e6e002ti.qub,141.85000000000002,leading,chm,chaos,leading_chaos,96,0.7081,5.2062,False,False,43.45,59.3,31.96,
go_1108,e6e002tr.qub,https://planetarydata.jpl.nasa.gov/img/data/go-e-nims-4-mosaic-v1.0/go_1108/europa/e6e002tr.qub,141.85000000000002,leading,chm,chaos,leading_chaos,96,0.7081,5.2062,False,False,43.45,59.3,31.96,
go_1108,e6e003ti.qub,https://planetarydata.jpl.nasa.gov/img/data/go-e-nims-4-mosaic-v1.0/go_1108/europa/e6e003ti.qub,210.555,trailing,pr,plains,trailing_plains,408,0.7016,5.2326,False,False,1.26,35.39,100450.0,
go_1108,e6e003tr.qub,https://planetarydata.jpl.nasa.gov/img/data/go-e-nims-4-mosaic-v1.0/go_1108/europa/e6e003tr.qub,210.555,trailing,pr,plains,trailing_plains,408,0.7016,5.2326,False,False,1.26,35.39,100450.0,
go_1108,e6e004ci.qub,https://planetarydata.jpl.nasa.gov/img/data/go-e-nims-4-mosaic-v1.0/go_1108/europa/e6e004ci.qub,52.93,leading,chm,chaos,leading_chaos,10,0.7016,3.2318,False,False,79.95,72.59,152.53,
go_1108,e6e004cr.qub,https://planetarydata.jpl.nasa.gov/img/data/go-e-nims-4-mosaic-v1.0/go_1108/europa/e6e004cr.qub,52.93,leading,chm,chaos,leading_chaos,10,0.7016,3.2318,False,False,79.95,72.59,152.53,
go_1108,e6e004ti.qub,https://planetarydata.jpl.nasa.gov/img/data/go-e-nims-4-mosaic-v1.0/go_1108/europa/e6e004ti.qub,52.93,leading,chm,chaos,leading_chaos,10,0.7016,3.2318,False,False,88.64,63.51,152.15,
go_1108,e6e004tr.qub,https://planetarydata.jpl.nasa.gov/img/data/go-e-nims-4-mosaic-v1.0/go_1108/europa/e6e004tr.qub,52.93,leading,chm,chaos,leading_chaos,10,0.7016,3.2318,False,False,88.64,63.51,152.15,
go_1108,e6e005ci.qub,https://planetarydata.jpl.nasa.gov/img/data/go-e-nims-4-mosaic-v1.0/go_1108/europa/e6e005ci.qub,54.315,leading,chh,chaos,leading_chaos,10,0.7016,3.2318,False,False,81.75,69.11,150.76,
go_1108,e6e005cr.qub,https://planetarydata.jpl.nasa.gov/img/data/go-e-nims-4-mosaic-v1.0/go_1108/europa/e6e005cr.qub,54.315,leading,chh,chaos,leading_chaos,10,0.7016,3.2318,False,False,81.75,69.11,150.76,
go_1108,e6e005ti.qub,https://planetarydata.jpl.nasa.gov/img/data/go-e-nims-4-mosaic-v1.0/go_1108/europa/e6e005ti.qub,54.315,leading,chh,chaos,leading_chaos,10,0.7016,3.2318,False,False,90.91,59.62,150.42,
go_1108,e6e005tr.qub,https://planetarydata.jpl.nasa.gov/img/data/go-e-nims-4-mosaic-v1.0/go_1108/europa/e6e005tr.qub,54.315,leading,chh,chaos,leading_chaos,10,0.7016,3.2318,False,False,90.91,59.62,150.42,
go_1108,e6e006ci.qub,https://planetarydata.jpl.nasa.gov/img/data/go-e-nims-4-mosaic-v1.0/go_1108/europa/e6e006ci.qub,236.755,trailing,pr,plains,trailing_plains,192,0.7081,5.2326,False,False,73.56,39.32,40.83,
go_1108,e6e006cr.qub,https://planetarydata.jpl.nasa.gov/img/data/go-e-nims-4-mosaic-v1.0/go_1108/europa/e6e006cr.qub,236.755,trailing,pr,plains,trailing_plains,192,0.7081,5.2326,False,False,73.56,39.32,40.83,
go_1108,e6e006ti.qub,https://planetarydata.jpl.nasa.gov/img/data/go-e-nims-4-mosaic-v1.0/go_1108/europa/e6e006ti.qub,236.755,trailing,pr,plains,trailing_plains,192,0.7081,5.2326,False,False,73.14,38.93,40.91,
go_1108,e6e006tr.qub,https://planetarydata.jpl.nasa.gov/img/data/go-e-nims-4-mosaic-v1.0/go_1108/europa/e6e006tr.qub,236.755,trailing,pr,plains,trailing_plains,192,0.7081,5.2326,False,False,73.14,38.93,40.91,
go_1108,e6e007ci.qub,https://planetarydata.jpl.nasa.gov/img/data/go-e-nims-4-mosaic-v1.0/go_1108/europa/e6e007ci.qub,242.66,trailing,chm,chaos,trailing_chaos,288,0.7016,5.2326,False,False,20.31,54.65,54.38,
go_1108,e6e007cr.qub,https://planetarydata.jpl.nasa.gov/img/data/go-e-nims-4-mosaic-v1.0/go_1108/europa/e6e007cr.qub,242.66,trailing,chm,chaos,trailing_chaos,288,0.7016,5.2326,False,False,20.31,54.65,54.38,
go_1108,e6e007ti.qub,https://planetarydata.jpl.nasa.gov/img/data/go-e-nims-4-mosaic-v1.0/go_1108/europa/e6e007ti.qub,242.66,trailing,chm,chaos,trailing_chaos,288,0.7016,5.2326,False,False,20.29,54.73,54.42,
go_1108,e6e007tr.qub,https://planetarydata.jpl.nasa.gov/img/data/go-e-nims-4-mosaic-v1.0/go_1108/europa/e6e007tr.qub,242.66,trailing,chm,chaos,trailing_chaos,288,0.7016,5.2326,False,False,20.29,54.73,54.42,
go_1108,e6e008ci.qub,https://planetarydata.jpl.nasa.gov/img/data/go-e-nims-4-mosaic-v1.0/go_1108/europa/e6e008ci.qub,212.61,trailing,pr,plains,trailing_plains,192,0.7016,5.2194,False,False,27.83,8.93,35.86,
go_1108,e6e008cr.qub,https://planetarydata.jpl.nasa.gov/img/data/go-e-nims-4-mosaic-v1.0/go_1108/europa/e6e008cr.qub,212.61,trailing,pr,plains,trailing_plains,192,0.7016,5.2194,False,False,27.83,8.93,35.86,
go_1108,e6e008ti.qub,https://planetarydata.jpl.nasa.gov/img/data/go-e-nims-4-mosaic-v1.0/go_1108/europa/e6e008ti.qub,212.61,trailing,pr,plains,trailing_plains,192,0.7016,5.2194,False,False,33.67,21.11,35.84,
go_1108,e6e008tr.qub,https://planetarydata.jpl.nasa.gov/img/data/go-e-nims-4-mosaic-v1.0/go_1108/europa/e6e008tr.qub,212.61,trailing,pr,plains,trailing_plains,192,0.7016,5.2194,False,False,33.67,21.11,35.84,
go_1108,e6e009ci.qub,https://planetarydata.jpl.nasa.gov/img/data/go-e-nims-4-mosaic-v1.0/go_1108/europa/e6e009ci.qub,211.86,trailing,pr,plains,trailing_plains,192,0.7016,5.2194,False,False,28.43,8.28,35.71,
go_1108,e6e009cr.qub,https://planetarydata.jpl.nasa.gov/img/data/go-e-nims-4-mosaic-v1.0/go_1108/europa/e6e009cr.qub,211.86,trailing,pr,plains,trailing_plains,192,0.7016,5.2194,False,False,28.43,8.28,35.71,
go_1108,e6e009ti.qub,https://planetarydata.jpl.nasa.gov/img/data/go-e-nims-4-mosaic-v1.0/go_1108/europa/e6e009ti.qub,211.86,trailing,pr,plains,trailing_plains,192,0.7016,5.2194,False,False,27.39,17.17,35.77,
go_1108,e6e009tr.qub,https://planetarydata.jpl.nasa.gov/img/data/go-e-nims-4-mosaic-v1.0/go_1108/europa/e6e009tr.qub,211.86,trailing,pr,plains,trailing_plains,192,0.7016,5.2194,False,False,27.39,17.17,35.77,
go_1108,e6e501ci.qub,https://planetarydata.jpl.nasa.gov/img/data/go-e-nims-4-mosaic-v1.0/go_1108/europa/e6e501ci.qub,212.27499999999998,trailing,pr,plains,trailing_plains,192,0.7016,5.2194,False,False,28.12,8.61,35.79,
go_1108,e6e501cr.qub,https://planetarydata.jpl.nasa.gov/img/data/go-e-nims-4-mosaic-v1.0/go_1108/europa/e6e501cr.qub,212.27499999999998,trailing,pr,plains,trailing_plains,192,0.7016,5.2194,False,False,28.12,8.61,35.79,
go_1109,g7e001ci.qub,https://planetarydata.jpl.nasa.gov/img/data/go-e-nims-4-mosaic-v1.0/go_1109/europa/g7e001ci.qub,190.165,trailing,pr,plains,trailing_plains,228,0.7081,5.2326,False,False,29.0,28.85,21.75,
go_1109,g7e001cr.qub,https://planetarydata.jpl.nasa.gov/img/data/go-e-nims-4-mosaic-v1.0/go_1109/europa/g7e001cr.qub,190.165,trailing,pr,plains,trailing_plains,228,0.7081,5.2326,False,False,29.0,28.85,21.75,
go_1109,g7e001ti.qub,https://planetarydata.jpl.nasa.gov/img/data/go-e-nims-4-mosaic-v1.0/go_1109/europa/g7e001ti.qub,190.165,trailing,pr,plains,trailing_plains,228,0.7081,5.2326,False,False,29.44,29.24,21.75,
go_1109,g7e001tr.qub,https://planetarydata.jpl.nasa.gov/img/data/go-e-nims-4-mosaic-v1.0/go_1109/europa/g7e001tr.qub,190.165,trailing,pr,plains,trailing_plains,228,0.7081,5.2326,False,False,29.44,29.24,21.75,
go_1109,g7e002ci.qub,https://planetarydata.jpl.nasa.gov/img/data/go-e-nims-4-mosaic-v1.0/go_1109/europa/g7e002ci.qub,190.23,trailing,pr,plains,trailing_plains,108,2.6821,5.2326,False,False,36.2,29.03,20.66,
go_1109,g7e002cr.qub,https://planetarydata.jpl.nasa.gov/img/data/go-e-nims-4-mosaic-v1.0/go_1109/europa/g7e002cr.qub,190.23,trailing,pr,plains,trailing_plains,108,2.6821,5.2326,False,False,36.2,29.03,20.66,
go_1109,g7e002ti.qub,https://planetarydata.jpl.nasa.gov/img/data/go-e-nims-4-mosaic-v1.0/go_1109/europa/g7e002ti.qub,190.23,trailing,pr,plains,trailing_plains,108,2.6821,5.2326,False,False,36.56,28.94,20.66,
go_1109,g7e002tr.qub,https://planetarydata.jpl.nasa.gov/img/data/go-e-nims-4-mosaic-v1.0/go_1109/europa/g7e002tr.qub,190.23,trailing,pr,plains,trailing_plains,108,2.6821,5.2326,False,False,36.56,28.94,20.66,
go_1109,g7e003ci.qub,https://planetarydata.jpl.nasa.gov/img/data/go-e-nims-4-mosaic-v1.0/go_1109/europa/g7e003ci.qub,190.23,trailing,pr,plains,trailing_plains,228,0.7081,5.2326,False,False,29.91,31.97,20.74,
go_1109,g7e003cr.qub,https://planetarydata.jpl.nasa.gov/img/data/go-e-nims-4-mosaic-v1.0/go_1109/europa/g7e003cr.qub,190.23,trailing,pr,plains,trailing_plains,228,0.7081,5.2326,False,False,29.91,31.97,20.74,
go_1109,g7e003ti.qub,https://planetarydata.jpl.nasa.gov/img/data/go-e-nims-4-mosaic-v1.0/go_1109/europa/g7e003ti.qub,190.23,trailing,pr,plains,trailing_plains,228,0.7081,5.2326,False,False,29.4,31.43,20.74,
go_1109,g7e003tr.qub,https://planetarydata.jpl.nasa.gov/img/data/go-e-nims-4-mosaic-v1.0/go_1109/europa/g7e003tr.qub,190.23,trailing,pr,plains,trailing_plains,228,0.7081,5.2326,False,False,29.4,31.43,20.74,
go_1109,g7e004ci.qub,https://planetarydata.jpl.nasa.gov/img/data/go-e-nims-4-mosaic-v1.0/go_1109/europa/g7e004ci.qub,131.66,leading,chm,chaos,leading_chaos,360,0.7016,5.2326,False,False,52.33,35.77,54.39,
go_1109,g7e004cr.qub,https://planetarydata.jpl.nasa.gov/img/data/go-e-nims-4-mosaic-v1.0/go_1109/europa/g7e004cr.qub,131.66,leading,chm,chaos,leading_chaos,360,0.7016,5.2326,False,False,52.33,35.77,54.39,
go_1109,g7e004ti.qub,https://planetarydata.jpl.nasa.gov/img/data/go-e-nims-4-mosaic-v1.0/go_1109/europa/g7e004ti.qub,131.66,leading,chm,chaos,leading_chaos,360,0.7016,5.2326,False,False,45.56,35.54,54.9,
go_1109,g7e004tr.qub,https://planetarydata.jpl.nasa.gov/img/data/go-e-nims-4-mosaic-v1.0/go_1109/europa/g7e004tr.qub,131.66,leading,chm,chaos,leading_chaos,360,0.7016,5.2326,False,False,45.56,35.54,54.9,
go_1110,g8e001tr.qub,https://planetarydata.jpl.nasa.gov/img/data/go-e-nims-4-mosaic-v1.0/go_1110/europa/g8e001tr.qub,,unknown,__unknown__,other,other,51,0.7081,5.0479,False,False,,,,
go_1110,g8e002tr.qub,https://planetarydata.jpl.nasa.gov/img/data/go-e-nims-4-mosaic-v1.0/go_1110/europa/g8e002tr.qub,,unknown,__unknown__,other,other,408,0.7016,5.2326,False,False,,,,
go_1110,g8e003tr.qub,https://planetarydata.jpl.nasa.gov/img/data/go-e-nims-4-mosaic-v1.0/go_1110/europa/g8e003tr.qub,,unknown,__unknown__,other,other,51,0.7081,5.0479,False,False,,,,
go_1111,c9e001ci.qub,https://planetarydata.jpl.nasa.gov/img/data/go-e-nims-4-mosaic-v1.0/go_1111/europa/c9e001ci.qub,36.15,leading,pr,plains,leading_plains,126,0.7016,5.2194,False,False,35.88,29.58,41.64,
go_1111,c9e001cr.qub,https://planetarydata.jpl.nasa.gov/img/data/go-e-nims-4-mosaic-v1.0/go_1111/europa/c9e001cr.qub,36.15,leading,pr,plains,leading_plains,126,0.7016,5.2194,False,False,35.88,29.58,41.64,
go_1111,c9e001ti.qub,https://planetarydata.jpl.nasa.gov/img/data/go-e-nims-4-mosaic-v1.0/go_1111/europa/c9e001ti.qub,36.15,leading,pr,plains,leading_plains,126,0.7016,5.2194,False,False,65.63,24.38,41.6,
go_1111,c9e001tr.qub,https://planetarydata.jpl.nasa.gov/img/data/go-e-nims-4-mosaic-v1.0/go_1111/europa/c9e001tr.qub,36.15,leading,pr,plains,leading_plains,126,0.7016,5.2194,False,False,65.63,24.38,41.6,
go_1111,c9e002ci.qub,https://planetarydata.jpl.nasa.gov/img/data/go-e-nims-4-mosaic-v1.0/go_1111/europa/c9e002ci.qub,38.485,leading,pr,plains,leading_plains,126,0.7016,5.2194,False,False,25.49,33.74,32.05,
go_1111,c9e002cr.qub,https://planetarydata.jpl.nasa.gov/img/data/go-e-nims-4-mosaic-v1.0/go_1111/europa/c9e002cr.qub,38.485,leading,pr,plains,leading_plains,126,0.7016,5.2194,False,False,25.49,33.74,32.05,
go_1111,c9e002ti.qub,https://planetarydata.jpl.nasa.gov/img/data/go-e-nims-4-mosaic-v1.0/go_1111/europa/c9e002ti.qub,38.485,leading,pr,plains,leading_plains,126,0.7016,5.2194,False,False,12.26,34.11,32.05,
go_1111,c9e002tr.qub,https://planetarydata.jpl.nasa.gov/img/data/go-e-nims-4-mosaic-v1.0/go_1111/europa/c9e002tr.qub,38.485,leading,pr,plains,leading_plains,126,0.7016,5.2194,False,False,12.26,34.11,32.05,
go_1111,c9e003ti.qub,https://planetarydata.jpl.nasa.gov/img/data/go-e-nims-4-mosaic-v1.0/go_1111/europa/c9e003ti.qub,36.275,leading,pr,plains,leading_plains,204,0.7016,5.2194,False,False,2.94,43.3,41.24,
go_1111,c9e003tr.qub,https://planetarydata.jpl.nasa.gov/img/data/go-e-nims-4-mosaic-v1.0/go_1111/europa/c9e003tr.qub,36.275,leading,pr,plains,leading_plains,204,0.7016,5.2194,False,False,2.94,43.3,41.24,
go_1111,c9e004ti.qub,https://planetarydata.jpl.nasa.gov/img/data/go-e-nims-4-mosaic-v1.0/go_1111/europa/c9e004ti.qub,38.56,leading,pr,plains,leading_plains,204,0.7016,5.2194,False,False,15.46,46.61,31.67,
go_1111,c9e004tr.qub,https://planetarydata.jpl.nasa.gov/img/data/go-e-nims-4-mosaic-v1.0/go_1111/europa/c9e004tr.qub,38.56,leading,pr,plains,leading_plains,204,0.7016,5.2194,False,False,15.46,46.61,31.67,
go_1113,10e001ti.qub,https://planetarydata.jpl.nasa.gov/img/data/go-e-nims-4-mosaic-v1.0/go_1113/europa/10e001ti.qub,179.38,leading,pr,plains,leading_plains,102,0.7016,5.2194,False,False,40.11,58.86,98.44,
go_1113,10e001tr.qub,https://planetarydata.jpl.nasa.gov/img/data/go-e-nims-4-mosaic-v1.0/go_1113/europa/10e001tr.qub,179.38,leading,pr,plains,leading_plains,102,0.7016,5.2194,False,False,40.11,58.86,98.44,
go_1114,11e001ci.qub,https://planetarydata.jpl.nasa.gov/img/data/go-e-nims-4-mosaic-v1.0/go_1114/europa/11e001ci.qub,218.915,trailing,pr,plains,trailing_plains,228,0.7081,5.2326,False,False,58.6,12.27,58.7,
go_1114,11e001cr.qub,https://planetarydata.jpl.nasa.gov/img/data/go-e-nims-4-mosaic-v1.0/go_1114/europa/11e001cr.qub,218.915,trailing,pr,plains,trailing_plains,228,0.7081,5.2326,False,False,58.6,12.27,58.7,
go_1114,11e001ti.qub,https://planetarydata.jpl.nasa.gov/img/data/go-e-nims-4-mosaic-v1.0/go_1114/europa/11e001ti.qub,218.915,trailing,pr,plains,trailing_plains,228,0.7081,5.2326,False,False,57.97,12.29,58.67,
go_1114,11e001tr.qub,https://planetarydata.jpl.nasa.gov/img/data/go-e-nims-4-mosaic-v1.0/go_1114/europa/11e001tr.qub,218.915,trailing,pr,plains,trailing_plains,228,0.7081,5.2326,False,False,57.97,12.29,58.67,
go_1114,11e002ci.qub,https://planetarydata.jpl.nasa.gov/img/data/go-e-nims-4-mosaic-v1.0/go_1114/europa/11e002ci.qub,219.82,trailing,pr,plains,trailing_plains,228,0.7081,5.2326,False,False,60.57,3.2,62.27,
go_1114,11e002cr.qub,https://planetarydata.jpl.nasa.gov/img/data/go-e-nims-4-mosaic-v1.0/go_1114/europa/11e002cr.qub,219.82,trailing,pr,plains,trailing_plains,228,0.7081,5.2326,False,False,60.57,3.2,62.27,
go_1114,11e002ti.qub,https://planetarydata.jpl.nasa.gov/img/data/go-e-nims-4-mosaic-v1.0/go_1114/europa/11e002ti.qub,219.82,trailing,pr,plains,trailing_plains,228,0.7081,5.2326,False,False,60.68,3.14,62.26,
go_1114,11e002tr.qub,https://planetarydata.jpl.nasa.gov/img/data/go-e-nims-4-mosaic-v1.0/go_1114/europa/11e002tr.qub,219.82,trailing,pr,plains,trailing_plains,228,0.7081,5.2326,False,False,60.68,3.14,62.26,
go_1114,11e003ti.qub,https://planetarydata.jpl.nasa.gov/img/data/go-e-nims-4-mosaic-v1.0/go_1114/europa/11e003ti.qub,219.73,trailing,pr,plains,trailing_plains,408,0.7016,5.2326,False,False,1.13,60.19,23131.9,
go_1114,11e003tr.qub,https://planetarydata.jpl.nasa.gov/img/data/go-e-nims-4-mosaic-v1.0/go_1114/europa/11e003tr.qub,219.73,trailing,pr,plains,trailing_plains,408,0.7016,5.2326,False,False,1.13,60.19,23131.9,
go_1114,11e004ti.qub,https://planetarydata.jpl.nasa.gov/img/data/go-e-nims-4-mosaic-v1.0/go_1114/europa/11e004ti.qub,84.235,leading,chm,chaos,leading_chaos,408,0.7016,5.2326,False,False,77.83,25.06,85.68,
go_1114,11e004tr.qub,https://planetarydata.jpl.nasa.gov/img/data/go-e-nims-4-mosaic-v1.0/go_1114/europa/11e004tr.qub,84.235,leading,chm,chaos,leading_chaos,408,0.7016,5.2326,False,False,77.83,25.06,85.68,
go_1114,11e005ci.qub,https://planetarydata.jpl.nasa.gov/img/data/go-e-nims-4-mosaic-v1.0/go_1114/europa/11e005ci.qub,162.51,leading,chm,chaos,leading_chaos,360,0.7016,5.2326,False,False,36.69,27.2,61.5,
go_1114,11e005cr.qub,https://planetarydata.jpl.nasa.gov/img/data/go-e-nims-4-mosaic-v1.0/go_1114/europa/11e005cr.qub,162.51,leading,chm,chaos,leading_chaos,360,0.7016,5.2326,False,False,36.69,27.2,61.5,
go_1114,11e005ti.qub,https://planetarydata.jpl.nasa.gov/img/data/go-e-nims-4-mosaic-v1.0/go_1114/europa/11e005ti.qub,162.51,leading,chm,chaos,leading_chaos,360,0.7016,5.2326,False,False,43.19,21.56,61.47,
go_1114,11e005tr.qub,https://planetarydata.jpl.nasa.gov/img/data/go-e-nims-4-mosaic-v1.0/go_1114/europa/11e005tr.qub,162.51,leading,chm,chaos,leading_chaos,360,0.7016,5.2326,False,False,43.19,21.56,61.47,
go_1114,11e006ci.qub,https://planetarydata.jpl.nasa.gov/img/data/go-e-nims-4-mosaic-v1.0/go_1114/europa/11e006ci.qub,163.27,leading,chm,chaos,leading_chaos,228,0.7081,5.2326,False,False,36.82,27.01,61.49,
go_1114,11e006cr.qub,https://planetarydata.jpl.nasa.gov/img/data/go-e-nims-4-mosaic-v1.0/go_1114/europa/11e006cr.qub,163.27,leading,chm,chaos,leading_chaos,228,0.7081,5.2326,False,False,36.82,27.01,61.49,
go_1114,11e006ti.qub,https://planetarydata.jpl.nasa.gov/img/data/go-e-nims-4-mosaic-v1.0/go_1114/europa/11e006ti.qub,163.27,leading,chm,chaos,leading_chaos,228,0.7081,5.2326,False,False,41.92,22.75,61.47,
go_1114,11e006tr.qub,https://planetarydata.jpl.nasa.gov/img/data/go-e-nims-4-mosaic-v1.0/go_1114/europa/11e006tr.qub,163.27,leading,chm,chaos,leading_chaos,228,0.7081,5.2326,False,False,41.92,22.75,61.47,
go_1114,11e007ci.qub,https://planetarydata.jpl.nasa.gov/img/data/go-e-nims-4-mosaic-v1.0/go_1114/europa/11e007ci.qub,152.855,leading,chm,chaos,leading_chaos,360,0.7016,5.2326,False,False,31.81,32.97,62.05,
go_1114,11e007cr.qub,https://planetarydata.jpl.nasa.gov/img/data/go-e-nims-4-mosaic-v1.0/go_1114/europa/11e007cr.qub,152.855,leading,chm,chaos,leading_chaos,360,0.7016,5.2326,False,False,31.81,32.97,62.05,
go_1114,11e007ti.qub,https://planetarydata.jpl.nasa.gov/img/data/go-e-nims-4-mosaic-v1.0/go_1114/europa/11e007ti.qub,152.855,leading,chm,chaos,leading_chaos,360,0.7016,5.2326,False,False,37.29,28.02,62.04,
go_1114,11e007tr.qub,https://planetarydata.jpl.nasa.gov/img/data/go-e-nims-4-mosaic-v1.0/go_1114/europa/11e007tr.qub,152.855,leading,chm,chaos,leading_chaos,360,0.7016,5.2326,False,False,37.29,28.02,62.04,
go_1114,11e008ci.qub,https://planetarydata.jpl.nasa.gov/img/data/go-e-nims-4-mosaic-v1.0/go_1114/europa/11e008ci.qub,153.515,leading,chm,chaos,leading_chaos,228,0.7081,5.2326,False,False,36.77,28.53,61.98,
go_1114,11e008cr.qub,https://planetarydata.jpl.nasa.gov/img/data/go-e-nims-4-mosaic-v1.0/go_1114/europa/11e008cr.qub,153.515,leading,chm,chaos,leading_chaos,228,0.7081,5.2326,False,False,36.77,28.53,61.98,
go_1114,11e008ti.qub,https://planetarydata.jpl.nasa.gov/img/data/go-e-nims-4-mosaic-v1.0/go_1114/europa/11e008ti.qub,153.515,leading,chm,chaos,leading_chaos,228,0.7081,5.2326,False,False,41.24,25.33,61.97,
go_1114,11e008tr.qub,https://planetarydata.jpl.nasa.gov/img/data/go-e-nims-4-mosaic-v1.0/go_1114/europa/11e008tr.qub,153.515,leading,chm,chaos,leading_chaos,228,0.7081,5.2326,False,False,41.24,25.33,61.97,
go_1114,11e009ci.qub,https://planetarydata.jpl.nasa.gov/img/data/go-e-nims-4-mosaic-v1.0/go_1114/europa/11e009ci.qub,142.8,leading,chm,chaos,leading_chaos,360,0.7016,5.2326,False,False,33.56,30.27,63.35,
go_1114,11e009cr.qub,https://planetarydata.jpl.nasa.gov/img/data/go-e-nims-4-mosaic-v1.0/go_1114/europa/11e009cr.qub,142.8,leading,chm,chaos,leading_chaos,360,0.7016,5.2326,False,False,33.56,30.27,63.35,
go_1114,11e009ti.qub,https://planetarydata.jpl.nasa.gov/img/data/go-e-nims-4-mosaic-v1.0/go_1114/europa/11e009ti.qub,142.8,leading,chm,chaos,leading_chaos,360,0.7016,5.2326,False,False,38.81,29.39,63.35,
go_1114,11e009tr.qub,https://planetarydata.jpl.nasa.gov/img/data/go-e-nims-4-mosaic-v1.0/go_1114/europa/11e009tr.qub,142.8,leading,chm,chaos,leading_chaos,360,0.7016,5.2326,False,False,38.81,29.39,63.35,
go_1114,11e010ci.qub,https://planetarydata.jpl.nasa.gov/img/data/go-e-nims-4-mosaic-v1.0/go_1114/europa/11e010ci.qub,143.34,leading,chm,chaos,leading_chaos,228,0.7081,5.2326,False,False,32.71,31.03,63.27,
go_1114,11e010cr.qub,https://planetarydata.jpl.nasa.gov/img/data/go-e-nims-4-mosaic-v1.0/go_1114/europa/11e010cr.qub,143.34,leading,chm,chaos,leading_chaos,228,0.7081,5.2326,False,False,32.71,31.03,63.27,
go_1114,11e010ti.qub,https://planetarydata.jpl.nasa.gov/img/data/go-e-nims-4-mosaic-v1.0/go_1114/europa/11e010ti.qub,143.34,leading,chm,chaos,leading_chaos,228,0.7081,5.2326,False,False,30.8,37.99,63.28,
go_1114,11e010tr.qub,https://planetarydata.jpl.nasa.gov/img/data/go-e-nims-4-mosaic-v1.0/go_1114/europa/11e010tr.qub,143.34,leading,chm,chaos,leading_chaos,228,0.7081,5.2326,False,False,30.8,37.99,63.28,
go_1115,12e001ci.qub,https://planetarydata.jpl.nasa.gov/img/data/go-e-nims-4-mosaic-v1.0/go_1115/europa/12e001ci.qub,298.915,trailing,chl,chaos,trailing_chaos,360,0.693,5.2494,True,True,57.34,46.18,89.19,
go_1115,12e001cr.qub,https://planetarydata.jpl.nasa.gov/img/data/go-e-nims-4-mosaic-v1.0/go_1115/europa/12e001cr.qub,298.915,trailing,chl,chaos,trailing_chaos,360,0.693,5.2494,True,True,57.34,46.18,89.19,
go_1115,12e001ti.qub,https://planetarydata.jpl.nasa.gov/img/data/go-e-nims-4-mosaic-v1.0/go_1115/europa/12e001ti.qub,298.915,trailing,chl,chaos,trailing_chaos,360,0.693,5.2494,True,True,57.69,45.42,88.07,
go_1115,12e001tr.qub,https://planetarydata.jpl.nasa.gov/img/data/go-e-nims-4-mosaic-v1.0/go_1115/europa/12e001tr.qub,298.915,trailing,chl,chaos,trailing_chaos,360,0.693,5.2494,True,True,57.69,45.42,88.07,
go_1115,12e002ci.qub,https://planetarydata.jpl.nasa.gov/img/data/go-e-nims-4-mosaic-v1.0/go_1115/europa/12e002ci.qub,298.72,trailing,chl,chaos,trailing_chaos,228,0.7002,5.2494,False,False,80.65,21.77,99.01,
go_1115,12e002cr.qub,https://planetarydata.jpl.nasa.gov/img/data/go-e-nims-4-mosaic-v1.0/go_1115/europa/12e002cr.qub,298.72,trailing,chl,chaos,trailing_chaos,228,0.7002,5.2494,False,False,80.65,21.77,99.01,
go_1115,12e002ti.qub,https://planetarydata.jpl.nasa.gov/img/data/go-e-nims-4-mosaic-v1.0/go_1115/europa/12e002ti.qub,298.72,trailing,chl,chaos,trailing_chaos,228,0.7002,5.2494,False,False,80.68,21.6,99.01,
go_1115,12e002tr.qub,https://planetarydata.jpl.nasa.gov/img/data/go-e-nims-4-mosaic-v1.0/go_1115/europa/12e002tr.qub,298.72,trailing,chl,chaos,trailing_chaos,228,0.7002,5.2494,False,False,80.68,21.6,99.01,
go_1115,12e003ci.qub,https://planetarydata.jpl.nasa.gov/img/data/go-e-nims-4-mosaic-v1.0/go_1115/europa/12e003ci.qub,299.135,trailing,chl,chaos,trailing_chaos,168,0.693,2.9869,True,False,44.38,55.01,99.37,
go_1115,12e003cr.qub,https://planetarydata.jpl.nasa.gov/img/data/go-e-nims-4-mosaic-v1.0/go_1115/europa/12e003cr.qub,299.135,trailing,chl,chaos,trailing_chaos,168,0.693,2.9869,True,False,44.38,55.01,99.37,
go_1115,12e003ti.qub,https://planetarydata.jpl.nasa.gov/img/data/go-e-nims-4-mosaic-v1.0/go_1115/europa/12e003ti.qub,299.135,trailing,chl,chaos,trailing_chaos,168,0.693,2.9869,True,False,68.66,33.71,99.05,
go_1115,12e003tr.qub,https://planetarydata.jpl.nasa.gov/img/data/go-e-nims-4-mosaic-v1.0/go_1115/europa/12e003tr.qub,299.135,trailing,chl,chaos,trailing_chaos,168,0.693,2.9869,True,False,68.66,33.71,99.05,
go_1115,12e005ci.qub,https://planetarydata.jpl.nasa.gov/img/data/go-e-nims-4-mosaic-v1.0/go_1115/europa/12e005ci.qub,142.305,leading,chm,chaos,leading_chaos,360,0.693,5.2494,True,True,42.53,48.92,84.99,
go_1115,12e005cr.qub,https://planetarydata.jpl.nasa.gov/img/data/go-e-nims-4-mosaic-v1.0/go_1115/europa/12e005cr.qub,142.305,leading,chm,chaos,leading_chaos,360,0.693,5.2494,True,True,42.53,48.92,84.99,
go_1115,12e005ti.qub,https://planetarydata.jpl.nasa.gov/img/data/go-e-nims-4-mosaic-v1.0/go_1115/europa/12e005ti.qub,142.305,leading,chm,chaos,leading_chaos,360,0.693,5.2494,True,True,41.54,49.67,85.03,
go_1115,12e005tr.qub,https://planetarydata.jpl.nasa.gov/img/data/go-e-nims-4-mosaic-v1.0/go_1115/europa/12e005tr.qub,142.305,leading,chm,chaos,leading_chaos,360,0.693,5.2494,True,True,41.54,49.67,85.03,
go_1115,14e001ci.qub,https://planetarydata.jpl.nasa.gov/img/data/go-e-nims-4-mosaic-v1.0/go_1115/europa/14e001ci.qub,205.665,trailing,pr,plains,trailing_plains,168,0.6927,2.9927,True,False,58.13,19.56,76.34,
go_1115,14e001cr.qub,https://planetarydata.jpl.nasa.gov/img/data/go-e-nims-4-mosaic-v1.0/go_1115/europa/14e001cr.qub,205.665,trailing,pr,plains,trailing_plains,168,0.6927,2.9927,True,False,58.13,19.56,76.34,
go_1115,14e001ti.qub,https://planetarydata.jpl.nasa.gov/img/data/go-e-nims-4-mosaic-v1.0/go_1115/europa/14e001ti.qub,205.665,trailing,pr,plains,trailing_plains,168,0.6927,2.9927,True,False,49.42,26.95,76.37,
go_1115,14e001tr.qub,https://planetarydata.jpl.nasa.gov/img/data/go-e-nims-4-mosaic-v1.0/go_1115/europa/14e001tr.qub,205.665,trailing,pr,plains,trailing_plains,168,0.6927,2.9927,True,False,49.42,26.95,76.37,
go_1115,14e002ci.qub,https://planetarydata.jpl.nasa.gov/img/data/go-e-nims-4-mosaic-v1.0/go_1115/europa/14e002ci.qub,206.09,trailing,pr,plains,trailing_plains,240,2.0858,5.2551,False,False,63.49,14.65,76.35,
go_1115,14e002cr.qub,https://planetarydata.jpl.nasa.gov/img/data/go-e-nims-4-mosaic-v1.0/go_1115/europa/14e002cr.qub,206.09,trailing,pr,plains,trailing_plains,240,2.0858,5.2551,False,False,63.49,14.65,76.35,
go_1115,14e002ti.qub,https://planetarydata.jpl.nasa.gov/img/data/go-e-nims-4-mosaic-v1.0/go_1115/europa/14e002ti.qub,206.09,trailing,pr,plains,trailing_plains,240,2.0858,5.2551,False,False,58.25,18.11,76.37,
go_1115,14e002tr.qub,https://planetarydata.jpl.nasa.gov/img/data/go-e-nims-4-mosaic-v1.0/go_1115/europa/14e002tr.qub,206.09,trailing,pr,plains,trailing_plains,240,2.0858,5.2551,False,False,58.25,18.11,76.37,
go_1115,14e003ci.qub,https://planetarydata.jpl.nasa.gov/img/data/go-e-nims-4-mosaic-v1.0/go_1115/europa/14e003ci.qub,217.45499999999998,trailing,pr,plains,trailing_plains,240,2.0858,5.2551,False,False,78.28,10.82,77.49,
go_1115,14e003cr.qub,https://planetarydata.jpl.nasa.gov/img/data/go-e-nims-4-mosaic-v1.0/go_1115/europa/14e003cr.qub,217.45499999999998,trailing,pr,plains,trailing_plains,240,2.0858,5.2551,False,False,78.28,10.82,77.49,
go_1115,14e003ti.qub,https://planetarydata.jpl.nasa.gov/img/data/go-e-nims-4-mosaic-v1.0/go_1115/europa/14e003ti.qub,217.45499999999998,trailing,pr,plains,trailing_plains,240,2.0858,5.2551,False,False,68.21,9.31,77.52,
go_1115,14e003tr.qub,https://planetarydata.jpl.nasa.gov/img/data/go-e-nims-4-mosaic-v1.0/go_1115/europa/14e003tr.qub,217.45499999999998,trailing,pr,plains,trailing_plains,240,2.0858,5.2551,False,False,68.21,9.31,77.52,
go_1115,14e004ci.qub,https://planetarydata.jpl.nasa.gov/img/data/go-e-nims-4-mosaic-v1.0/go_1115/europa/14e004ci.qub,224.665,trailing,pr,plains,trailing_plains,240,2.0858,5.2551,False,False,61.98,19.95,78.76,
go_1115,14e004cr.qub,https://planetarydata.jpl.nasa.gov/img/data/go-e-nims-4-mosaic-v1.0/go_1115/europa/14e004cr.qub,224.665,trailing,pr,plains,trailing_plains,240,2.0858,5.2551,False,False,61.98,19.95,78.76,
go_1115,14e004ti.qub,https://planetarydata.jpl.nasa.gov/img/data/go-e-nims-4-mosaic-v1.0/go_1115/europa/14e004ti.qub,224.665,trailing,pr,plains,trailing_plains,240,2.0858,5.2551,False,False,50.4,28.39,78.79,
go_1115,14e004tr.qub,https://planetarydata.jpl.nasa.gov/img/data/go-e-nims-4-mosaic-v1.0/go_1115/europa/14e004tr.qub,224.665,trailing,pr,plains,trailing_plains,240,2.0858,5.2551,False,False,50.4,28.39,78.79,
go_1115,14e005ci.qub,https://planetarydata.jpl.nasa.gov/img/data/go-e-nims-4-mosaic-v1.0/go_1115/europa/14e005ci.qub,308.34000000000003,trailing,chm,chaos,trailing_chaos,360,0.6927,5.2551,True,True,61.4,37.45,96.78,
go_1115,14e005cr.qub,https://planetarydata.jpl.nasa.gov/img/data/go-e-nims-4-mosaic-v1.0/go_1115/europa/14e005cr.qub,308.34000000000003,trailing,chm,chaos,trailing_chaos,360,0.6927,5.2551,True,True,61.4,37.45,96.78,
go_1115,14e005ti.qub,https://planetarydata.jpl.nasa.gov/img/data/go-e-nims-4-mosaic-v1.0/go_1115/europa/14e005ti.qub,308.34000000000003,trailing,chm,chaos,trailing_chaos,360,0.6927,5.2551,True,True,61.76,37.15,96.78,
go_1115,14e005tr.qub,https://planetarydata.jpl.nasa.gov/img/data/go-e-nims-4-mosaic-v1.0/go_1115/europa/14e005tr.qub,308.34000000000003,trailing,chm,chaos,trailing_chaos,360,0.6927,5.2551,True,True,61.76,37.15,96.78,
go_1115,14e006ci.qub,https://planetarydata.jpl.nasa.gov/img/data/go-e-nims-4-mosaic-v1.0/go_1115/europa/14e006ci.qub,166.45,leading,chm,chaos,leading_chaos,360,0.6927,5.2551,True,True,50.78,42.8,62.06,
go_1115,14e006cr.qub,https://planetarydata.jpl.nasa.gov/img/data/go-e-nims-4-mosaic-v1.0/go_1115/europa/14e006cr.qub,166.45,leading,chm,chaos,leading_chaos,360,0.6927,5.2551,True,True,50.78,42.8,62.06,
go_1115,14e006ti.qub,https://planetarydata.jpl.nasa.gov/img/data/go-e-nims-4-mosaic-v1.0/go_1115/europa/14e006ti.qub,166.45,leading,chm,chaos,leading_chaos,360,0.6927,5.2551,True,True,48.48,43.68,60.34,
go_1115,14e006tr.qub,https://planetarydata.jpl.nasa.gov/img/data/go-e-nims-4-mosaic-v1.0/go_1115/europa/14e006tr.qub,166.45,leading,chm,chaos,leading_chaos,360,0.6927,5.2551,True,True,48.48,43.68,60.34,
go_1115,14e007ti.qub,https://planetarydata.jpl.nasa.gov/img/data/go-e-nims-4-mosaic-v1.0/go_1115/europa/14e007ti.qub,149.215,leading,chm,chaos,leading_chaos,360,0.6927,5.2551,True,True,27.35,58.73,76.94,
go_1115,14e007tr.qub,https://planetarydata.jpl.nasa.gov/img/data/go-e-nims-4-mosaic-v1.0/go_1115/europa/14e007tr.qub,149.215,leading,chm,chaos,leading_chaos,360,0.6927,5.2551,True,True,27.35,58.73,76.94,
go_1116,15e001ci.qub,https://planetarydata.jpl.nasa.gov/img/data/go-e-nims-4-mosaic-v1.0/go_1116/europa/15e001ci.qub,105.555,leading,pr,plains,leading_plains,360,0.6887,5.2592,True,True,84.19,31.76,115.13,
go_1116,15e001cr.qub,https://planetarydata.jpl.nasa.gov/img/data/go-e-nims-4-mosaic-v1.0/go_1116/europa/15e001cr.qub,105.555,leading,pr,plains,leading_plains,360,0.6887,5.2592,True,True,84.19,31.76,115.13,
go_1116,15e001ti.qub,https://planetarydata.jpl.nasa.gov/img/data/go-e-nims-4-mosaic-v1.0/go_1116/europa/15e001ti.qub,105.555,leading,pr,plains,leading_plains,360,0.6887,5.2592,True,True,78.68,36.47,115.15,
go_1116,15e001tr.qub,https://planetarydata.jpl.nasa.gov/img/data/go-e-nims-4-mosaic-v1.0/go_1116/europa/15e001tr.qub,105.555,leading,pr,plains,leading_plains,360,0.6887,5.2592,True,True,78.68,36.47,115.15,
go_1116,15e002ci.qub,https://planetarydata.jpl.nasa.gov/img/data/go-e-nims-4-mosaic-v1.0/go_1116/europa/15e002ci.qub,106.09,leading,pr,plains,leading_plains,240,0.6887,4.4101,True,False,83.99,31.92,115.09,
go_1116,15e002cr.qub,https://planetarydata.jpl.nasa.gov/img/data/go-e-nims-4-mosaic-v1.0/go_1116/europa/15e002cr.qub,106.09,leading,pr,plains,leading_plains,240,0.6887,4.4101,True,False,83.99,31.92,115.09,
go_1116,15e002ti.qub,https://planetarydata.jpl.nasa.gov/img/data/go-e-nims-4-mosaic-v1.0/go_1116/europa/15e002ti.qub,106.09,leading,pr,plains,leading_plains,240,0.6887,4.4101,True,False,78.4,36.71,115.11,
go_1116,15e002tr.qub,https://planetarydata.jpl.nasa.gov/img/data/go-e-nims-4-mosaic-v1.0/go_1116/europa/15e002tr.qub,106.09,leading,pr,plains,leading_plains,240,0.6887,4.4101,True,False,78.4,36.71,115.11,
go_1116,15e003ci.qub,https://planetarydata.jpl.nasa.gov/img/data/go-e-nims-4-mosaic-v1.0/go_1116/europa/15e003ci.qub,128.60500000000002,leading,chm,chaos,leading_chaos,360,0.6887,5.2592,True,True,79.32,32.38,111.05,
go_1116,15e003cr.qub,https://planetarydata.jpl.nasa.gov/img/data/go-e-nims-4-mosaic-v1.0/go_1116/europa/15e003cr.qub,128.60500000000002,leading,chm,chaos,leading_chaos,360,0.6887,5.2592,True,True,79.32,32.38,111.05,
go_1116,15e003ti.qub,https://planetarydata.jpl.nasa.gov/img/data/go-e-nims-4-mosaic-v1.0/go_1116/europa/15e003ti.qub,128.60500000000002,leading,chm,chaos,leading_chaos,360,0.6887,5.2592,True,True,72.98,38.09,111.06,
go_1116,15e003tr.qub,https://planetarydata.jpl.nasa.gov/img/data/go-e-nims-4-mosaic-v1.0/go_1116/europa/15e003tr.qub,128.60500000000002,leading,chm,chaos,leading_chaos,360,0.6887,5.2592,True,True,72.98,38.09,111.06,
go_1116,15e004ci.qub,https://planetarydata.jpl.nasa.gov/img/data/go-e-nims-4-mosaic-v1.0/go_1116/europa/15e004ci.qub,129.235,leading,chm,chaos,leading_chaos,240,0.6887,4.4101,True,False,80.11,31.33,110.89,
go_1116,15e004cr.qub,https://planetarydata.jpl.nasa.gov/img/data/go-e-nims-4-mosaic-v1.0/go_1116/europa/15e004cr.qub,129.235,leading,chm,chaos,leading_chaos,240,0.6887,4.4101,True,False,80.11,31.33,110.89,
go_1116,15e004ti.qub,https://planetarydata.jpl.nasa.gov/img/data/go-e-nims-4-mosaic-v1.0/go_1116/europa/15e004ti.qub,129.235,leading,chm,chaos,leading_chaos,240,0.6887,4.4101,True,False,71.39,39.53,110.91,
go_1116,15e004tr.qub,https://planetarydata.jpl.nasa.gov/img/data/go-e-nims-4-mosaic-v1.0/go_1116/europa/15e004tr.qub,129.235,leading,chm,chaos,leading_chaos,240,0.6887,4.4101,True,False,71.39,39.53,110.91,
go_1116,15e005ci.qub,https://planetarydata.jpl.nasa.gov/img/data/go-e-nims-4-mosaic-v1.0/go_1116/europa/15e005ci.qub,135.77,leading,chm,chaos,leading_chaos,360,0.6887,5.2592,True,True,80.49,29.37,109.12,
go_1116,15e005cr.qub,https://planetarydata.jpl.nasa.gov/img/data/go-e-nims-4-mosaic-v1.0/go_1116/europa/15e005cr.qub,135.77,leading,chm,chaos,leading_chaos,360,0.6887,5.2592,True,True,80.49,29.37,109.12,
go_1116,15e005ti.qub,https://planetarydata.jpl.nasa.gov/img/data/go-e-nims-4-mosaic-v1.0/go_1116/europa/15e005ti.qub,135.77,leading,chm,chaos,leading_chaos,360,0.6887,5.2592,True,True,72.7,36.45,109.14,
go_1116,15e005tr.qub,https://planetarydata.jpl.nasa.gov/img/data/go-e-nims-4-mosaic-v1.0/go_1116/europa/15e005tr.qub,135.77,leading,chm,chaos,leading_chaos,360,0.6887,5.2592,True,True,72.7,36.45,109.14,
go_1116,15e006ci.qub,https://planetarydata.jpl.nasa.gov/img/data/go-e-nims-4-mosaic-v1.0/go_1116/europa/15e006ci.qub,136.365,leading,chm,chaos,leading_chaos,240,0.6887,4.4101,True,False,82.83,26.91,108.95,
go_1116,15e006cr.qub,https://planetarydata.jpl.nasa.gov/img/data/go-e-nims-4-mosaic-v1.0/go_1116/europa/15e006cr.qub,136.365,leading,chm,chaos,leading_chaos,240,0.6887,4.4101,True,False,82.83,26.91,108.95,
go_1116,15e006ti.qub,https://planetarydata.jpl.nasa.gov/img/data/go-e-nims-4-mosaic-v1.0/go_1116/europa/15e006ti.qub,136.365,leading,chm,chaos,leading_chaos,240,0.6887,4.4101,True,False,74.46,34.52,108.97,
go_1116,15e006tr.qub,https://planetarydata.jpl.nasa.gov/img/data/go-e-nims-4-mosaic-v1.0/go_1116/europa/15e006tr.qub,136.365,leading,chm,chaos,leading_chaos,240,0.6887,4.4101,True,False,74.46,34.52,108.97,
go_1116,15e007ci.qub,https://planetarydata.jpl.nasa.gov/img/data/go-e-nims-4-mosaic-v1.0/go_1116/europa/15e007ci.qub,65.49,leading,chh,chaos,leading_chaos,228,0.6963,5.2592,True,True,80.23,39.03,108.92,
go_1116,15e007cr.qub,https://planetarydata.jpl.nasa.gov/img/data/go-e-nims-4-mosaic-v1.0/go_1116/europa/15e007cr.qub,65.49,leading,chh,chaos,leading_chaos,228,0.6963,5.2592,True,True,80.23,39.03,108.92,
go_1116,15e007ti.qub,https://planetarydata.jpl.nasa.gov/img/data/go-e-nims-4-mosaic-v1.0/go_1116/europa/15e007ti.qub,65.49,leading,chh,chaos,leading_chaos,228,0.6963,5.2592,True,True,75.14,70.92,108.86,
go_1116,15e007tr.qub,https://planetarydata.jpl.nasa.gov/img/data/go-e-nims-4-mosaic-v1.0/go_1116/europa/15e007tr.qub,65.49,leading,chh,chaos,leading_chaos,228,0.6963,5.2592,True,True,75.14,70.92,108.86,
go_1116,15e008ci.qub,https://planetarydata.jpl.nasa.gov/img/data/go-e-nims-4-mosaic-v1.0/go_1116/europa/15e008ci.qub,65.88,leading,chh,chaos,leading_chaos,228,0.6963,5.2592,True,True,77.56,31.86,109.13,
go_1116,15e008cr.qub,https://planetarydata.jpl.nasa.gov/img/data/go-e-nims-4-mosaic-v1.0/go_1116/europa/15e008cr.qub,65.88,leading,chh,chaos,leading_chaos,228,0.6963,5.2592,True,True,77.56,31.86,109.13,
go_1116,15e008ti.qub,https://planetarydata.jpl.nasa.gov/img/data/go-e-nims-4-mosaic-v1.0/go_1116/europa/15e008ti.qub,65.88,leading,chh,chaos,leading_chaos,228,0.6963,5.2592,True,True,93.64,26.0,108.88,
go_1116,15e008tr.qub,https://planetarydata.jpl.nasa.gov/img/data/go-e-nims-4-mosaic-v1.0/go_1116/europa/15e008tr.qub,65.88,leading,chh,chaos,leading_chaos,228,0.6963,5.2592,True,True,93.64,26.0,108.88,
go_1116,15e009ci.qub,https://planetarydata.jpl.nasa.gov/img/data/go-e-nims-4-mosaic-v1.0/go_1116/europa/15e009ci.qub,66.08,leading,chh,chaos,leading_chaos,360,0.6887,5.2592,True,True,76.17,33.26,109.14,
go_1116,15e009cr.qub,https://planetarydata.jpl.nasa.gov/img/data/go-e-nims-4-mosaic-v1.0/go_1116/europa/15e009cr.qub,66.08,leading,chh,chaos,leading_chaos,360,0.6887,5.2592,True,True,76.17,33.26,109.14,
go_1116,15e009ti.qub,https://planetarydata.jpl.nasa.gov/img/data/go-e-nims-4-mosaic-v1.0/go_1116/europa/15e009ti.qub,66.08,leading,chh,chaos,leading_chaos,360,0.6887,5.2592,True,True,57.07,57.4,109.33,
go_1116,15e009tr.qub,https://planetarydata.jpl.nasa.gov/img/data/go-e-nims-4-mosaic-v1.0/go_1116/europa/15e009tr.qub,66.08,leading,chh,chaos,leading_chaos,360,0.6887,5.2592,True,True,57.07,57.4,109.33,
go_1116,15e010ci.qub,https://planetarydata.jpl.nasa.gov/img/data/go-e-nims-4-mosaic-v1.0/go_1116/europa/15e010ci.qub,66.28999999999999,leading,chh,chaos,leading_chaos,360,0.6887,5.2592,True,True,78.64,30.89,109.25,
go_1116,15e010cr.qub,https://planetarydata.jpl.nasa.gov/img/data/go-e-nims-4-mosaic-v1.0/go_1116/europa/15e010cr.qub,66.28999999999999,leading,chh,chaos,leading_chaos,360,0.6887,5.2592,True,True,78.64,30.89,109.25,
go_1116,15e010ti.qub,https://planetarydata.jpl.nasa.gov/img/data/go-e-nims-4-mosaic-v1.0/go_1116/europa/15e010ti.qub,66.28999999999999,leading,chh,chaos,leading_chaos,360,0.6887,5.2592,True,True,102.13,12.78,108.92,
go_1116,15e010tr.qub,https://planetarydata.jpl.nasa.gov/img/data/go-e-nims-4-mosaic-v1.0/go_1116/europa/15e010tr.qub,66.28999999999999,leading,chh,chaos,leading_chaos,360,0.6887,5.2592,True,True,102.13,12.78,108.92,
go_1116,15e011ci.qub,https://planetarydata.jpl.nasa.gov/img/data/go-e-nims-4-mosaic-v1.0/go_1116/europa/15e011ci.qub,66.47,leading,chh,chaos,leading_chaos,360,0.6887,5.2592,True,True,76.75,32.81,109.28,
go_1116,15e011cr.qub,https://planetarydata.jpl.nasa.gov/img/data/go-e-nims-4-mosaic-v1.0/go_1116/europa/15e011cr.qub,66.47,leading,chh,chaos,leading_chaos,360,0.6887,5.2592,True,True,76.75,32.81,109.28,
go_1116,15e011ti.qub,https://planetarydata.jpl.nasa.gov/img/data/go-e-nims-4-mosaic-v1.0/go_1116/europa/15e011ti.qub,66.47,leading,chh,chaos,leading_chaos,360,0.6887,5.2592,True,True,71.25,39.46,109.34,
go_1116,15e011tr.qub,https://planetarydata.jpl.nasa.gov/img/data/go-e-nims-4-mosaic-v1.0/go_1116/europa/15e011tr.qub,66.47,leading,chh,chaos,leading_chaos,360,0.6887,5.2592,True,True,71.25,39.46,109.34,
go_1116,15e012ci.qub,https://planetarydata.jpl.nasa.gov/img/data/go-e-nims-4-mosaic-v1.0/go_1116/europa/15e012ci.qub,66.71000000000001,leading,chh,chaos,leading_chaos,360,0.6887,5.2592,True,True,81.5,32.92,109.31,
go_1116,15e012cr.qub,https://planetarydata.jpl.nasa.gov/img/data/go-e-nims-4-mosaic-v1.0/go_1116/europa/15e012cr.qub,66.71000000000001,leading,chh,chaos,leading_chaos,360,0.6887,5.2592,True,True,81.5,32.92,109.31,
go_1116,15e012ti.qub,https://planetarydata.jpl.nasa.gov/img/data/go-e-nims-4-mosaic-v1.0/go_1116/europa/15e012ti.qub,66.71000000000001,leading,chh,chaos,leading_chaos,360,0.6887,5.2592,True,True,92.04,49.42,109.1,
go_1116,15e012tr.qub,https://planetarydata.jpl.nasa.gov/img/data/go-e-nims-4-mosaic-v1.0/go_1116/europa/15e012tr.qub,66.71000000000001,leading,chh,chaos,leading_chaos,360,0.6887,5.2592,True,True,92.04,49.42,109.1,
go_1116,15e013ci.qub,https://planetarydata.jpl.nasa.gov/img/data/go-e-nims-4-mosaic-v1.0/go_1116/europa/15e013ci.qub,66.88,leading,chh,chaos,leading_chaos,360,0.6887,5.2592,True,True,49.04,64.22,109.64,
go_1116,15e013cr.qub,https://planetarydata.jpl.nasa.gov/img/data/go-e-nims-4-mosaic-v1.0/go_1116/europa/15e013cr.qub,66.88,leading,chh,chaos,leading_chaos,360,0.6887,5.2592,True,True,49.04,64.22,109.64,
go_1116,15e013ti.qub,https://planetarydata.jpl.nasa.gov/img/data/go-e-nims-4-mosaic-v1.0/go_1116/europa/15e013ti.qub,66.88,leading,chh,chaos,leading_chaos,360,0.6887,5.2592,True,True,48.28,89.91,109.53,
go_1116,15e013tr.qub,https://planetarydata.jpl.nasa.gov/img/data/go-e-nims-4-mosaic-v1.0/go_1116/europa/15e013tr.qub,66.88,leading,chh,chaos,leading_chaos,360,0.6887,5.2592,True,True,48.28,89.91,109.53,
go_1116,15e014ci.qub,https://planetarydata.jpl.nasa.gov/img/data/go-e-nims-4-mosaic-v1.0/go_1116/europa/15e014ci.qub,189.79000000000002,trailing,pr,plains,trailing_plains,360,0.6887,5.2592,True,True,34.41,18.66,52.92,
go_1116,15e014cr.qub,https://planetarydata.jpl.nasa.gov/img/data/go-e-nims-4-mosaic-v1.0/go_1116/europa/15e014cr.qub,189.79000000000002,trailing,pr,plains,trailing_plains,360,0.6887,5.2592,True,True,34.41,18.66,52.92,
go_1116,15e014ti.qub,https://planetarydata.jpl.nasa.gov/img/data/go-e-nims-4-mosaic-v1.0/go_1116/europa/15e014ti.qub,189.79000000000002,trailing,pr,plains,trailing_plains,360,0.6887,5.2592,True,True,31.58,15.79,47.27,
go_1116,15e014tr.qub,https://planetarydata.jpl.nasa.gov/img/data/go-e-nims-4-mosaic-v1.0/go_1116/europa/15e014tr.qub,189.79000000000002,trailing,pr,plains,trailing_plains,360,0.6887,5.2592,True,True,31.58,15.79,47.27,
go_1116,15e015ti.qub,https://planetarydata.jpl.nasa.gov/img/data/go-e-nims-4-mosaic-v1.0/go_1116/europa/15e015ti.qub,79.955,leading,chm,chaos,leading_chaos,360,0.6887,5.2592,True,True,44.72,41.75,86.42,
go_1116,15e015tr.qub,https://planetarydata.jpl.nasa.gov/img/data/go-e-nims-4-mosaic-v1.0/go_1116/europa/15e015tr.qub,79.955,leading,chm,chaos,leading_chaos,360,0.6887,5.2592,True,True,44.72,41.75,86.42,
go_1116,15e016ci.qub,https://planetarydata.jpl.nasa.gov/img/data/go-e-nims-4-mosaic-v1.0/go_1116/europa/15e016ci.qub,60.065,leading,chh,chaos,leading_chaos,360,0.6887,5.2592,True,True,56.34,53.55,98.99,
go_1116,15e016cr.qub,https://planetarydata.jpl.nasa.gov/img/data/go-e-nims-4-mosaic-v1.0/go_1116/europa/15e016cr.qub,60.065,leading,chh,chaos,leading_chaos,360,0.6887,5.2592,True,True,56.34,53.55,98.99,
go_1116,15e016ti.qub,https://planetarydata.jpl.nasa.gov/img/data/go-e-nims-4-mosaic-v1.0/go_1116/europa/15e016ti.qub,60.065,leading,chh,chaos,leading_chaos,360,0.6887,5.2592,True,True,62.7,50.22,98.69,
go_1116,15e016tr.qub,https://planetarydata.jpl.nasa.gov/img/data/go-e-nims-4-mosaic-v1.0/go_1116/europa/15e016tr.qub,60.065,leading,chh,chaos,leading_chaos,360,0.6887,5.2592,True,True,62.7,50.22,98.69,
go_1116,15e017ci.qub,https://planetarydata.jpl.nasa.gov/img/data/go-e-nims-4-mosaic-v1.0/go_1116/europa/15e017ci.qub,56.86,leading,chh,chaos,leading_chaos,360,0.6887,5.2592,True,True,55.17,47.83,102.96,
go_1116,15e017cr.qub,https://planetarydata.jpl.nasa.gov/img/data/go-e-nims-4-mosaic-v1.0/go_1116/europa/15e017cr.qub,56.86,leading,chh,chaos,leading_chaos,360,0.6887,5.2592,True,True,55.17,47.83,102.96,
go_1116,15e017ti.qub,https://planetarydata.jpl.nasa.gov/img/data/go-e-nims-4-mosaic-v1.0/go_1116/europa/15e017ti.qub,56.86,leading,chh,chaos,leading_chaos,360,0.6887,5.2592,True,True,55.19,47.78,102.96,
go_1116,15e017tr.qub,https://planetarydata.jpl.nasa.gov/img/data/go-e-nims-4-mosaic-v1.0/go_1116/europa/15e017tr.qub,56.86,leading,chh,chaos,leading_chaos,360,0.6887,5.2592,True,True,55.19,47.78,102.96,
go_1116,15e501ci.qub,https://planetarydata.jpl.nasa.gov/img/data/go-e-nims-4-mosaic-v1.0/go_1116/europa/15e501ci.qub,66.185,leading,chh,chaos,leading_chaos,360,0.6887,5.2592,True,True,76.43,33.06,109.2,
go_1116,15e501cr.qub,https://planetarydata.jpl.nasa.gov/img/data/go-e-nims-4-mosaic-v1.0/go_1116/europa/15e501cr.qub,66.185,leading,chh,chaos,leading_chaos,360,0.6887,5.2592,True,True,76.43,33.06,109.2,
go_1117,17e001ci.qub,https://planetarydata.jpl.nasa.gov/img/data/go-e-nims-4-mosaic-v1.0/go_1117/europa/17e001ci.qub,139.71,leading,chm,chaos,leading_chaos,240,2.0892,5.274,False,False,59.32,19.76,77.35,
go_1117,17e001cr.qub,https://planetarydata.jpl.nasa.gov/img/data/go-e-nims-4-mosaic-v1.0/go_1117/europa/17e001cr.qub,139.71,leading,chm,chaos,leading_chaos,240,2.0892,5.274,False,False,59.32,19.76,77.35,
go_1117,17e001ti.qub,https://planetarydata.jpl.nasa.gov/img/data/go-e-nims-4-mosaic-v1.0/go_1117/europa/17e001ti.qub,139.71,leading,chm,chaos,leading_chaos,240,2.0892,5.274,False,False,66.11,11.34,77.34,
go_1117,17e001tr.qub,https://planetarydata.jpl.nasa.gov/img/data/go-e-nims-4-mosaic-v1.0/go_1117/europa/17e001tr.qub,139.71,leading,chm,chaos,leading_chaos,240,2.0892,5.274,False,False,66.11,11.34,77.34,
go_1117,17e002ci.qub,https://planetarydata.jpl.nasa.gov/img/data/go-e-nims-4-mosaic-v1.0/go_1117/europa/17e002ci.qub,140.01999999999998,leading,chm,chaos,leading_chaos,240,0.6943,4.4249,True,False,74.3,8.28,77.26,
go_1117,17e002cr.qub,https://planetarydata.jpl.nasa.gov/img/data/go-e-nims-4-mosaic-v1.0/go_1117/europa/17e002cr.qub,140.01999999999998,leading,chm,chaos,leading_chaos,240,0.6943,4.4249,True,False,74.3,8.28,77.26,
go_1117,17e002ti.qub,https://planetarydata.jpl.nasa.gov/img/data/go-e-nims-4-mosaic-v1.0/go_1117/europa/17e002ti.qub,140.01999999999998,leading,chm,chaos,leading_chaos,240,0.6943,4.4249,True,False,75.64,1.83,77.26,
go_1117,17e002tr.qub,https://planetarydata.jpl.nasa.gov/img/data/go-e-nims-4-mosaic-v1.0/go_1117/europa/17e002tr.qub,140.01999999999998,leading,chm,chaos,leading_chaos,240,0.6943,4.4249,True,False,75.64,1.83,77.26,
go_1117,17e003ti.qub,https://planetarydata.jpl.nasa.gov/img/data/go-e-nims-4-mosaic-v1.0/go_1117/europa/17e003ti.qub,139.815,leading,chm,chaos,leading_chaos,240,2.0892,5.274,False,False,12.68,89.99,77.43,
go_1117,17e003tr.qub,https://planetarydata.jpl.nasa.gov/img/data/go-e-nims-4-mosaic-v1.0/go_1117/europa/17e003tr.qub,139.815,leading,chm,chaos,leading_chaos,240,2.0892,5.274,False,False,12.68,89.99,77.43,
go_1117,17e004ci.qub,https://planetarydata.jpl.nasa.gov/img/data/go-e-nims-4-mosaic-v1.0/go_1117/europa/17e004ci.qub,208.32999999999998,trailing,pr,plains,trailing_plains,228,0.7021,5.274,False,False,50.79,26.84,77.61,
go_1117,17e004cr.qub,https://planetarydata.jpl.nasa.gov/img/data/go-e-nims-4-mosaic-v1.0/go_1117/europa/17e004cr.qub,208.32999999999998,trailing,pr,plains,trailing_plains,228,0.7021,5.274,False,False,50.79,26.84,77.61,
go_1117,17e004ti.qub,https://planetarydata.jpl.nasa.gov/img/data/go-e-nims-4-mosaic-v1.0/go_1117/europa/17e004ti.qub,208.32999999999998,trailing,pr,plains,trailing_plains,228,0.7021,5.274,False,False,15.73,89.99,78.09,
go_1117,17e004tr.qub,https://planetarydata.jpl.nasa.gov/img/data/go-e-nims-4-mosaic-v1.0/go_1117/europa/17e004tr.qub,208.32999999999998,trailing,pr,plains,trailing_plains,228,0.7021,5.274,False,False,15.73,89.99,78.09,
go_1117,17e005ci.qub,https://planetarydata.jpl.nasa.gov/img/data/go-e-nims-4-mosaic-v1.0/go_1117/europa/17e005ci.qub,73.29499999999999,leading,chh,chaos,leading_chaos,360,0.6943,5.274,True,True,74.58,26.57,101.04,
go_1117,17e005cr.qub,https://planetarydata.jpl.nasa.gov/img/data/go-e-nims-4-mosaic-v1.0/go_1117/europa/17e005cr.qub,73.29499999999999,leading,chh,chaos,leading_chaos,360,0.6943,5.274,True,True,74.58,26.57,101.04,
go_1117,17e005ti.qub,https://planetarydata.jpl.nasa.gov/img/data/go-e-nims-4-mosaic-v1.0/go_1117/europa/17e005ti.qub,73.29499999999999,leading,chh,chaos,leading_chaos,360,0.6943,5.274,True,True,58.53,47.41,101.18,
go_1117,17e005tr.qub,https://planetarydata.jpl.nasa.gov/img/data/go-e-nims-4-mosaic-v1.0/go_1117/europa/17e005tr.qub,73.29499999999999,leading,chh,chaos,leading_chaos,360,0.6943,5.274,True,True,58.53,47.41,101.18,
go_1117,17e008ci.qub,https://planetarydata.jpl.nasa.gov/img/data/go-e-nims-4-mosaic-v1.0/go_1117/europa/17e008ci.qub,201.72,trailing,pr,plains,trailing_plains,360,0.6943,5.274,True,True,79.28,43.03,58.81,
go_1117,17e008cr.qub,https://planetarydata.jpl.nasa.gov/img/data/go-e-nims-4-mosaic-v1.0/go_1117/europa/17e008cr.qub,201.72,trailing,pr,plains,trailing_plains,360,0.6943,5.274,True,True,79.28,43.03,58.81,
go_1117,17e008ti.qub,https://planetarydata.jpl.nasa.gov/img/data/go-e-nims-4-mosaic-v1.0/go_1117/europa/17e008ti.qub,201.72,trailing,pr,plains,trailing_plains,360,0.6943,5.274,True,True,77.64,44.09,57.43,
go_1117,17e008tr.qub,https://planetarydata.jpl.nasa.gov/img/data/go-e-nims-4-mosaic-v1.0/go_1117/europa/17e008tr.qub,201.72,trailing,pr,plains,trailing_plains,360,0.6943,5.274,True,True,77.64,44.09,57.43,
go_1117,17e009ti.qub,https://planetarydata.jpl.nasa.gov/img/data/go-e-nims-4-mosaic-v1.0/go_1117/europa/17e009ti.qub,95.265,leading,chm,chaos,leading_chaos,360,0.6943,5.274,True,True,68.22,51.71,69.42,
go_1117,17e009tr.qub,https://planetarydata.jpl.nasa.gov/img/data/go-e-nims-4-mosaic-v1.0/go_1117/europa/17e009tr.qub,95.265,leading,chm,chaos,leading_chaos,360,0.6943,5.274,True,True,68.22,51.71,69.42,
go_1117,17e010ci.qub,https://planetarydata.jpl.nasa.gov/img/data/go-e-nims-4-mosaic-v1.0/go_1117/europa/17e010ci.qub,70.27000000000001,leading,chh,chaos,leading_chaos,360,0.6943,5.274,True,True,76.16,63.92,87.13,
go_1117,17e010cr.qub,https://planetarydata.jpl.nasa.gov/img/data/go-e-nims-4-mosaic-v1.0/go_1117/europa/17e010cr.qub,70.27000000000001,leading,chh,chaos,leading_chaos,360,0.6943,5.274,True,True,76.16,63.92,87.13,
go_1117,17e010ti.qub,https://planetarydata.jpl.nasa.gov/img/data/go-e-nims-4-mosaic-v1.0/go_1117/europa/17e010ti.qub,70.27000000000001,leading,chh,chaos,leading_chaos,360,0.6943,5.274,True,True,73.16,66.15,86.66,
go_1117,17e010tr.qub,https://planetarydata.jpl.nasa.gov/img/data/go-e-nims-4-mosaic-v1.0/go_1117/europa/17e010tr.qub,70.27000000000001,leading,chh,chaos,leading_chaos,360,0.6943,5.274,True,True,73.16,66.15,86.66,
go_1117,17e011ci.qub,https://planetarydata.jpl.nasa.gov/img/data/go-e-nims-4-mosaic-v1.0/go_1117/europa/17e011ci.qub,65.02000000000001,leading,chh,chaos,leading_chaos,360,0.6943,5.274,True,True,77.15,33.73,91.0,
go_1117,17e011cr.qub,https://planetarydata.jpl.nasa.gov/img/data/go-e-nims-4-mosaic-v1.0/go_1117/europa/17e011cr.qub,65.02000000000001,leading,chh,chaos,leading_chaos,360,0.6943,5.274,True,True,77.15,33.73,91.0,
go_1117,17e011ti.qub,https://planetarydata.jpl.nasa.gov/img/data/go-e-nims-4-mosaic-v1.0/go_1117/europa/17e011ti.qub,65.02000000000001,leading,chh,chaos,leading_chaos,360,0.6943,5.274,True,True,77.42,33.25,90.95,
go_1117,17e011tr.qub,https://planetarydata.jpl.nasa.gov/img/data/go-e-nims-4-mosaic-v1.0/go_1117/europa/17e011tr.qub,65.02000000000001,leading,chh,chaos,leading_chaos,360,0.6943,5.274,True,True,77.42,33.25,90.95,
go_1117,19e001ci.qub,https://planetarydata.jpl.nasa.gov/img/data/go-e-nims-4-mosaic-v1.0/go_1117/europa/19e001ci.qub,17.655,leading,pr,plains,leading_plains,15,0.6889,4.9033,True,False,84.87,56.96,140.94,
go_1117,19e001cr.qub,https://planetarydata.jpl.nasa.gov/img/data/go-e-nims-4-mosaic-v1.0/go_1117/europa/19e001cr.qub,17.655,leading,pr,plains,leading_plains,15,0.6889,4.9033,True,False,84.87,56.96,140.94,
go_1117,19e001ti.qub,https://planetarydata.jpl.nasa.gov/img/data/go-e-nims-4-mosaic-v1.0/go_1117/europa/19e001ti.qub,17.67,leading,pr,plains,leading_plains,15,0.6889,4.9033,True,False,84.6,52.43,136.95,
go_1117,19e001tr.qub,https://planetarydata.jpl.nasa.gov/img/data/go-e-nims-4-mosaic-v1.0/go_1117/europa/19e001tr.qub,17.67,leading,pr,plains,leading_plains,15,0.6889,4.9033,True,False,84.6,52.43,136.95,
go_1117,19e002ti.qub,https://planetarydata.jpl.nasa.gov/img/data/go-e-nims-4-mosaic-v1.0/go_1117/europa/19e002ti.qub,51.43,leading,chm,chaos,leading_chaos,15,0.6889,4.9033,True,False,86.11,26.28,100.58,
go_1117,19e002tr.qub,https://planetarydata.jpl.nasa.gov/img/data/go-e-nims-4-mosaic-v1.0/go_1117/europa/19e002tr.qub,51.43,leading,chm,chaos,leading_chaos,15,0.6889,4.9033,True,False,86.11,26.28,100.58,
go_1118,20e001ci.qub,https://planetarydata.jpl.nasa.gov/img/data/go-e-nims-4-mosaic-v1.0/go_1118/europa/20e001ci.qub,59.335,leading,chh,chaos,leading_chaos,360,0.6869,5.2679,True,True,33.55,28.66,58.7,
go_1118,20e001cr.qub,https://planetarydata.jpl.nasa.gov/img/data/go-e-nims-4-mosaic-v1.0/go_1118/europa/20e001cr.qub,59.335,leading,chh,chaos,leading_chaos,360,0.6869,5.2679,True,True,33.55,28.66,58.7,
go_1118,20e001ti.qub,https://planetarydata.jpl.nasa.gov/img/data/go-e-nims-4-mosaic-v1.0/go_1118/europa/20e001ti.qub,59.335,leading,chh,chaos,leading_chaos,360,0.6869,5.2679,True,True,66.37,10.84,58.67,
go_1118,20e001tr.qub,https://planetarydata.jpl.nasa.gov/img/data/go-e-nims-4-mosaic-v1.0/go_1118/europa/20e001tr.qub,59.335,leading,chh,chaos,leading_chaos,360,0.6869,5.2679,True,True,66.37,10.84,58.67,
go_1118,25e001ci.qub,https://planetarydata.jpl.nasa.gov/img/data/go-e-nims-4-mosaic-v1.0/go_1118/europa/25e001ci.qub,19.975,leading,pr,plains,leading_plains,15,0.587,4.6967,True,False,2.77,40.55,42.11,
go_1118,25e001cr.qub,https://planetarydata.jpl.nasa.gov/img/data/go-e-nims-4-mosaic-v1.0/go_1118/europa/25e001cr.qub,19.975,leading,pr,plains,leading_plains,15,0.587,4.6967,True,False,2.77,40.55,42.11,
go_1118,25e001ti.qub,https://planetarydata.jpl.nasa.gov/img/data/go-e-nims-4-mosaic-v1.0/go_1118/europa/25e001ti.qub,19.975,leading,pr,plains,leading_plains,15,0.587,4.6967,True,False,2.74,41.38,42.11,
go_1118,25e001tr.qub,https://planetarydata.jpl.nasa.gov/img/data/go-e-nims-4-mosaic-v1.0/go_1118/europa/25e001tr.qub,19.975,leading,pr,plains,leading_plains,15,0.587,4.6967,True,False,2.74,41.38,42.11,
go_1118,25e002ci.qub,https://planetarydata.jpl.nasa.gov/img/data/go-e-nims-4-mosaic-v1.0/go_1118/europa/25e002ci.qub,21.065,leading,pr,plains,leading_plains,15,0.587,4.6967,True,False,43.01,2.08,41.97,
go_1118,25e002cr.qub,https://planetarydata.jpl.nasa.gov/img/data/go-e-nims-4-mosaic-v1.0/go_1118/europa/25e002cr.qub,21.065,leading,pr,plains,leading_plains,15,0.587,4.6967,True,False,43.01,2.08,41.97,
go_1118,25e002ti.qub,https://planetarydata.jpl.nasa.gov/img/data/go-e-nims-4-mosaic-v1.0/go_1118/europa/25e002ti.qub,21.065,leading,pr,plains,leading_plains,15,0.587,4.6967,True,False,42.1,1.97,41.98,
go_1118,25e002tr.qub,https://planetarydata.jpl.nasa.gov/img/data/go-e-nims-4-mosaic-v1.0/go_1118/europa/25e002tr.qub,21.065,leading,pr,plains,leading_plains,15,0.587,4.6967,True,False,42.1,1.97,41.98,
go_1118,25e004ci.qub,https://planetarydata.jpl.nasa.gov/img/data/go-e-nims-4-mosaic-v1.0/go_1118/europa/25e004ci.qub,33.085,leading,pr,plains,leading_plains,15,0.587,4.6967,True,False,73.78,46.81,35.28,
go_1118,25e004cr.qub,https://planetarydata.jpl.nasa.gov/img/data/go-e-nims-4-mosaic-v1.0/go_1118/europa/25e004cr.qub,33.085,leading,pr,plains,leading_plains,15,0.587,4.6967,True,False,73.78,46.81,35.28,
go_1118,25e004ti.qub,https://planetarydata.jpl.nasa.gov/img/data/go-e-nims-4-mosaic-v1.0/go_1118/europa/25e004ti.qub,33.085,leading,pr,plains,leading_plains,15,0.587,4.6967,True,False,73.51,44.41,35.67,
go_1118,25e004tr.qub,https://planetarydata.jpl.nasa.gov/img/data/go-e-nims-4-mosaic-v1.0/go_1118/europa/25e004tr.qub,33.085,leading,pr,plains,leading_plains,15,0.587,4.6967,True,False,73.51,44.41,35.67,
go_1118,25e006ci.qub,https://planetarydata.jpl.nasa.gov/img/data/go-e-nims-4-mosaic-v1.0/go_1118/europa/25e006ci.qub,17.205,leading,pr,plains,leading_plains,15,0.587,4.6967,True,False,49.66,21.5,36.22,
go_1118,25e006cr.qub,https://planetarydata.jpl.nasa.gov/img/data/go-e-nims-4-mosaic-v1.0/go_1118/europa/25e006cr.qub,17.205,leading,pr,plains,leading_plains,15,0.587,4.6967,True,False,49.66,21.5,36.22,
go_1118,25e006ti.qub,https://planetarydata.jpl.nasa.gov/img/data/go-e-nims-4-mosaic-v1.0/go_1118/europa/25e006ti.qub,17.205,leading,pr,plains,leading_plains,15,0.587,4.6967,True,False,49.3,21.46,36.23,
go_1118,25e006tr.qub,https://planetarydata.jpl.nasa.gov/img/data/go-e-nims-4-mosaic-v1.0/go_1118/europa/25e006tr.qub,17.205,leading,pr,plains,leading_plains,15,0.587,4.6967,True,False,49.3,21.46,36.23,
go_1119,28e001ci.qub,https://planetarydata.jpl.nasa.gov/img/data/go-e-nims-4-mosaic-v1.0/go_1119/europa/28e001ci.qub,59.42,leading,chh,chaos,leading_chaos,15,0.587,4.6967,True,False,78.82,20.69,59.32,
go_1119,28e001cr.qub,https://planetarydata.jpl.nasa.gov/img/data/go-e-nims-4-mosaic-v1.0/go_1119/europa/28e001cr.qub,59.42,leading,chh,chaos,leading_chaos,15,0.587,4.6967,True,False,78.82,20.69,59.32,
go_1119,28e001ti.qub,https://planetarydata.jpl.nasa.gov/img/data/go-e-nims-4-mosaic-v1.0/go_1119/europa/28e001ti.qub,59.42,leading,chh,chaos,leading_chaos,15,0.587,4.6967,True,False,78.03,22.89,59.32,
go_1119,28e001tr.qub,https://planetarydata.jpl.nasa.gov/img/data/go-e-nims-4-mosaic-v1.0/go_1119/europa/28e001tr.qub,59.42,leading,chh,chaos,leading_chaos,15,0.587,4.6967,True,False,78.03,22.89,59.32,
go_1119,29e001ci.qub,https://planetarydata.jpl.nasa.gov/img/data/go-e-nims-4-mosaic-v1.0/go_1119/europa/29e001ci.qub,303.365,trailing,chm,chaos,trailing_chaos,12,1.0348,4.6967,False,False,72.02,7.88,72.88,
go_1119,29e001cr.qub,https://planetarydata.jpl.nasa.gov/img/data/go-e-nims-4-mosaic-v1.0/go_1119/europa/29e001cr.qub,303.365,trailing,chm,chaos,trailing_chaos,12,1.0348,4.6967,False,False,72.02,7.88,72.88,
go_1119,29e001ti.qub,https://planetarydata.jpl.nasa.gov/img/data/go-e-nims-4-mosaic-v1.0/go_1119/europa/29e001ti.qub,303.365,trailing,chm,chaos,trailing_chaos,12,1.0348,4.6967,False,False,85.34,25.81,72.88,
go_1119,29e001tr.qub,https://planetarydata.jpl.nasa.gov/img/data/go-e-nims-4-mosaic-v1.0/go_1119/europa/29e001tr.qub,303.365,trailing,chm,chaos,trailing_chaos,12,1.0348,4.6967,False,False,85.34,25.81,72.88,
